iter	Passed	Remaining
0	7	5433
1	7	2977
2	8	2166
3	9	1741
4	10	1496
5	10	1304
6	11	1199
7	12	1115
8	12	1061
9	13	1005
10	14	963
11	15	924
12	15	893
13	16	864
14	17	840
15	17	816
16	18	796
17	19	780
18	19	763
19	20	758
20	35	1234
21	36	1203
22	37	1178
23	38	1160
24	39	1135
25	39	1113
26	40	1088
27	41	1069
28	42	1048
29	42	1030
30	43	1008
31	44	991
32	44	975
33	45	959
34	46	945
35	46	931
36	47	919
37	48	906
38	48	893
39	49	884
40	50	875
41	51	866
42	52	856
43	54	871
44	55	864
45	55	856
46	56	848
47	57	839
48	58	831
49	58	824
50	59	817
51	60	810
52	60	800
53	61	792
54	62	785
55	62	778
56	63	773
57	64	767
58	65	761
59	65	756
60	66	750
61	67	745
62	68	743
63	69	741
64	69	736
65	70	730
66	71	726
67	71	720
68	72	716
69	73	711
70	73	706
71	74	700
72	75	695
73	75	691
74	76	684
75	76	679
76	77	675
77	77	670
78	78	666
79	79	661
80	79	657
81	80	652
82	80	648
83	81	644
84	81	640
85	82	635
86	82	631
87	83	627
88	84	625
89	84	622
90	85	617
91	85	612
92	86	608
93	86	605
94	87	602
95	87	599
96	88	595
97	88	592
98	89	588
99	89	584
100	90	580
101	90	577
102	91	574
103	91	570
104	92	567
105	92	564
106	93	561
107	93	557
108	94	554
109	94	551
110	95	548
111	95	545
112	95	540
113	96	537
114	96	534
115	97	532
116	97	529
117	98	526
118	98	524
119	99	521
120	99	519
121	100	517
122	100	514
123	101	512
124	101	509
125	102	507
126	102	505
127	103	502
128	103	500
129	104	498
130	105	497
131	105	496
132	106	494
133	107	491
134	107	489
135	108	487
136	108	484
137	108	482
138	109	480
139	109	477
140	110	475
141	110	473
142	111	471
143	111	469
144	112	467
145	112	465
146	113	464
147	113	462
148	114	463
149	115	462
150	116	462
151	116	459
152	117	458
153	118	456
154	118	455
155	119	454
156	120	453
157	120	451
158	121	450
159	121	448
160	122	446
161	122	445
162	123	443
163	123	441
164	124	440
165	124	438
166	125	436
167	125	434
168	125	433
169	126	431
170	126	429
171	127	428
172	127	426
173	128	424
174	128	423
175	129	422
176	130	421
177	130	419
178	131	417
179	131	416
180	132	415
181	132	413
182	133	412
183	133	411
184	134	410
185	134	408
186	135	407
187	136	407
188	136	405
189	136	403
190	137	402
191	137	401
192	138	399
193	138	398
194	139	396
195	139	395
196	140	393
197	140	392
198	140	390
199	141	388
200	141	387
201	142	386
202	142	384
203	143	383
204	143	382
205	144	380
206	145	380
207	146	380
208	147	381
209	147	380
210	148	378
211	148	377
212	149	376
213	150	376
214	150	375
215	151	373
216	151	372
217	152	371
218	152	370
219	153	368
220	153	367
221	154	366
222	154	365
223	155	364
224	155	362
225	155	361
226	156	360
227	156	359
228	157	358
229	157	356
230	158	355
231	158	354
232	159	353
233	159	352
234	160	351
235	160	350
236	161	349
237	161	348
238	162	347
239	162	346
240	163	344
241	163	343
242	164	342
243	164	341
244	165	340
245	165	339
246	166	338
247	166	337
248	167	336
249	167	335
250	168	334
251	168	332
252	168	331
253	169	330
254	169	329
255	170	328
256	170	327
257	171	326
258	171	325
259	172	324
260	172	323
261	173	322
262	173	321
263	173	320
264	174	319
265	174	318
266	176	318
267	176	317
268	177	317
269	177	316
270	178	315
271	179	314
272	179	313
273	180	312
274	180	311
275	181	310
276	181	309
277	181	308
278	182	307
279	182	306
280	183	305
281	183	304
282	184	303
283	184	302
284	185	301
285	185	300
286	185	300
287	186	299
288	186	298
289	187	297
290	187	296
291	188	295
292	188	294
293	189	293
294	189	292
295	190	291
296	190	291
297	191	290
298	191	289
299	192	288
300	192	287
301	193	286
302	193	285
303	194	284
304	194	283
305	195	283
306	195	282
307	196	281
308	196	280
309	197	279
310	197	278
311	198	277
312	198	277
313	198	275
314	199	275
315	199	274
316	200	273
317	200	272
318	201	271
319	201	270
320	202	270
321	202	268
322	202	267
323	203	267
324	203	266
325	204	265
326	204	264
327	205	263
328	205	263
329	206	262
330	207	262
331	207	261
332	217	272
333	218	272
334	218	271
335	219	269
336	219	269
337	220	268
338	220	267
339	220	266
340	221	265
341	222	265
342	222	264
343	223	263
344	223	262
345	224	261
346	224	261
347	225	260
348	225	259
349	226	258
350	226	257
351	227	257
352	227	256
353	228	255
354	229	254
355	229	254
356	230	253
357	230	252
358	230	251
359	231	250
360	231	249
361	232	249
362	232	248
363	233	247
364	233	246
365	234	245
366	234	245
367	235	244
368	235	243
369	236	242
370	236	241
371	237	240
372	237	240
373	238	239
374	239	239
375	239	238
376	240	237
377	240	236
378	241	236
379	241	235
380	242	234
381	242	233
382	243	233
383	243	232
384	244	231
385	244	230
386	245	230
387	245	229
388	246	228
389	246	227
390	247	226
391	247	226
392	248	225
393	248	224
394	248	223
395	249	223
396	249	222
397	250	221
398	250	220
399	251	219
400	251	219
401	252	218
402	253	217
403	253	217
404	254	216
405	254	215
406	255	215
407	255	214
408	256	213
409	256	212
410	257	212
411	257	211
412	258	210
413	259	210
414	259	209
415	260	208
416	260	208
417	261	207
418	261	206
419	262	206
420	262	205
421	263	204
422	263	204
423	264	203
424	264	202
425	265	201
426	265	201
427	266	200
428	266	199
429	267	198
430	267	198
431	268	197
432	269	197
433	269	196
434	270	195
435	270	195
436	271	194
437	272	193
438	272	193
439	273	192
440	273	191
441	274	191
442	274	190
443	275	189
444	275	189
445	276	188
446	276	187
447	277	187
448	277	186
449	278	185
450	278	184
451	279	184
452	279	183
453	280	182
454	280	181
455	281	181
456	281	180
457	282	179
458	282	179
459	282	178
460	283	177
461	284	177
462	284	176
463	285	175
464	285	175
465	286	174
466	286	173
467	287	173
468	287	172
469	288	171
470	288	171
471	289	170
472	289	169
473	290	168
474	290	168
475	291	167
476	291	166
477	292	166
478	292	165
479	293	164
480	293	164
481	293	163
482	294	162
483	294	162
484	295	161
485	295	160
486	296	160
487	296	159
488	297	158
489	297	157
490	298	157
491	298	156
492	299	155
493	299	155
494	300	154
495	300	153
496	301	153
497	301	152
498	302	152
499	302	151
500	303	150
501	304	150
502	304	149
503	305	148
504	305	148
505	306	147
506	306	146
507	307	146
508	307	145
509	307	144
510	308	144
511	308	143
512	309	142
513	309	142
514	310	141
515	310	140
516	311	140
517	311	139
518	312	138
519	312	138
520	313	137
521	313	137
522	314	136
523	314	135
524	315	135
525	316	134
526	316	133
527	317	133
528	317	132
529	318	132
530	318	131
531	319	130
532	319	130
533	320	129
534	320	128
535	321	128
536	321	127
537	322	126
538	322	126
539	323	125
540	323	124
541	323	124
542	324	123
543	324	122
544	325	122
545	325	121
546	326	121
547	326	120
548	326	119
549	327	119
550	327	118
551	328	117
552	328	117
553	329	116
554	330	116
555	331	115
556	331	115
557	332	114
558	333	113
559	333	113
560	334	112
561	334	111
562	335	111
563	335	110
564	336	110
565	336	109
566	337	108
567	337	108
568	338	107
569	338	106
570	339	106
571	339	105
572	339	105
573	340	104
574	340	103
575	341	103
576	341	102
577	342	101
578	342	101
579	343	100
580	343	99
581	344	99
582	344	98
583	344	98
584	345	97
585	359	100
586	359	99
587	360	99
588	360	98
589	361	98
590	362	97
591	363	96
592	363	96
593	364	95
594	364	94
595	365	94
596	365	93
597	366	93
598	366	92
599	366	91
600	367	91
601	367	90
602	368	89
603	368	89
604	369	88
605	369	87
606	370	87
607	370	86
608	371	85
609	371	85
610	371	84
611	372	83
612	372	83
613	373	82
614	373	82
615	374	81
616	374	80
617	375	80
618	375	79
619	376	78
620	376	78
621	377	77
622	377	77
623	378	76
624	379	75
625	379	75
626	379	74
627	380	73
628	380	73
629	381	72
630	381	71
631	382	71
632	382	70
633	383	70
634	383	69
635	384	68
636	384	68
637	385	67
638	385	67
639	385	66
640	386	65
641	387	65
642	387	64
643	388	63
644	388	63
645	389	62
646	389	62
647	390	61
648	390	60
649	391	60
650	391	59
651	391	58
652	392	58
653	393	57
654	393	57
655	394	56
656	394	55
657	395	55
658	395	54
659	396	54
660	396	53
661	397	52
662	398	52
663	398	51
664	399	51
665	399	50
666	400	49
667	400	49
668	401	48
669	401	47
670	402	47
671	402	46
672	403	46
673	403	45
674	404	44
675	404	44
676	405	43
677	405	43
678	406	42
679	406	41
680	407	41
681	408	40
682	408	40
683	409	39
684	409	38
685	410	38
686	410	37
687	411	37
688	411	36
689	412	35
690	412	35
691	413	34
692	413	34
693	414	33
694	415	32
695	415	32
696	416	31
697	416	31
698	417	30
699	417	29
700	418	29
701	418	28
702	419	28
703	419	27
704	419	26
705	420	26
706	420	25
707	421	24
708	421	24
709	422	23
710	423	23
711	423	22
712	424	22
713	424	21
714	425	20
715	425	20
716	426	19
717	426	19
718	427	18
719	427	17
720	428	17
721	428	16
722	429	16
723	429	15
724	430	14
725	430	14
726	431	13
727	431	13
728	432	12
729	432	11
730	433	11
731	433	10
732	434	10
733	434	9
734	434	8
735	435	8
736	435	7
737	436	7
738	436	6
739	437	5
740	438	5
741	438	4
742	439	4
743	440	3
744	440	2
745	441	2
746	441	1
747	442	1
748	442	0
749	443	0
